step,status,accepted,proposal_sha256,changed_positions,mutations_from_input,gc_fraction,proposed_energy_kcal_mol,best_energy_kcal_mol,best_energy_per_nt,wall_seconds,peak_rss_mib,error
1,ok,True,7b3cd0d158d80196a71dda1f861cca1063b9f088901a4c9ffe1fe9d5009bbb95,"[276, 323]",2,0.596,-422.2,-422.2,-0.42219999999999996,0.3659136020032747,32.42578125,"/home/zyliu/Documents/rna-stable-ai/external/LinearFold/gflags.py:584: SyntaxWarning: invalid escape sequence '\S'
  doc = re.sub('(?<=\S)\n(?=\S)', ' ', doc, re.M)
"
2,ok,True,891f32c72e6412cb48001e762aa3612fbd089faa0dcb85c402309b8fc7335173,"[7, 957]",4,0.596,-424.1,-424.1,-0.42410000000000003,0.3656506349980191,32.97265625,"/home/zyliu/Documents/rna-stable-ai/external/LinearFold/gflags.py:584: SyntaxWarning: invalid escape sequence '\S'
  doc = re.sub('(?<=\S)\n(?=\S)', ' ', doc, re.M)
"
3,ok,False,fb94c0671e4b2fc27eb1dc1da8306e6033892d2fda219d0cf585e8fa92d9a257,"[238, 674]",6,0.596,-422.4,-424.1,-0.42410000000000003,0.36613641299845767,32.28125,"/home/zyliu/Documents/rna-stable-ai/external/LinearFold/gflags.py:584: SyntaxWarning: invalid escape sequence '\S'
  doc = re.sub('(?<=\S)\n(?=\S)', ' ', doc, re.M)
"
4,ok,False,f343d9ec4005841e362eb50f5fb564d607d21a732a7b370aa7e0a03f7b23a146,"[4, 847]",6,0.596,-417.7,-424.1,-0.42410000000000003,0.36583946099926834,32.53515625,"/home/zyliu/Documents/rna-stable-ai/external/LinearFold/gflags.py:584: SyntaxWarning: invalid escape sequence '\S'
  doc = re.sub('(?<=\S)\n(?=\S)', ' ', doc, re.M)
"
5,ok,True,74023da41159ea6c39c1d0214ff6c06a7bc8622c90e50e64e057522a85cc3ed8,"[499, 778]",6,0.596,-425.3,-425.3,-0.4253,0.3658686070011754,32.9921875,"/home/zyliu/Documents/rna-stable-ai/external/LinearFold/gflags.py:584: SyntaxWarning: invalid escape sequence '\S'
  doc = re.sub('(?<=\S)\n(?=\S)', ' ', doc, re.M)
"
6,ok,True,99facd09fa1cb6c44108b3cd294b7924cef33e934455047e4cb884c3a6fc8596,"[290, 811]",8,0.596,-425.9,-425.9,-0.4259,0.36579776299913647,32.765625,"/home/zyliu/Documents/rna-stable-ai/external/LinearFold/gflags.py:584: SyntaxWarning: invalid escape sequence '\S'
  doc = re.sub('(?<=\S)\n(?=\S)', ' ', doc, re.M)
"
7,ok,True,e6fdb0df545787483e6092a502bb515e8b8493a98783f42dce4f2dc796ab1f1a,"[183, 956]",10,0.596,-426.2,-426.2,-0.42619999999999997,0.36622641200301587,32.7265625,"/home/zyliu/Documents/rna-stable-ai/external/LinearFold/gflags.py:584: SyntaxWarning: invalid escape sequence '\S'
  doc = re.sub('(?<=\S)\n(?=\S)', ' ', doc, re.M)
"
8,ok,True,8b6c81684e27d54475c93daa29a5daa97284f651c72a3ee68070aeccb64d50b2,"[142, 895]",12,0.596,-430.6,-430.6,-0.43060000000000004,0.36595879699962097,32.86328125,"/home/zyliu/Documents/rna-stable-ai/external/LinearFold/gflags.py:584: SyntaxWarning: invalid escape sequence '\S'
  doc = re.sub('(?<=\S)\n(?=\S)', ' ', doc, re.M)
"
9,ok,False,dfbaf6918278c834a96490341dfedadfd53048dac727545d9ae427d9b270b86d,"[141, 169]",14,0.596,-427.3,-430.6,-0.43060000000000004,0.36596221400031936,33.02734375,"/home/zyliu/Documents/rna-stable-ai/external/LinearFold/gflags.py:584: SyntaxWarning: invalid escape sequence '\S'
  doc = re.sub('(?<=\S)\n(?=\S)', ' ', doc, re.M)
"
10,ok,True,666f73c4bf1ecc1aa6f4b88042bcd62501f780240687adbcd93ecca7b446bb87,"[774, 941]",14,0.596,-430.7,-430.7,-0.43069999999999997,0.3658615740023379,32.17578125,"/home/zyliu/Documents/rna-stable-ai/external/LinearFold/gflags.py:584: SyntaxWarning: invalid escape sequence '\S'
  doc = re.sub('(?<=\S)\n(?=\S)', ' ', doc, re.M)
"
11,ok,False,1cf00909ece99d5b5ec57152baf9acaa448882f7264e085d97566a9c24891712,"[766, 784]",16,0.596,-428.8,-430.7,-0.43069999999999997,0.3660262449993752,32.1796875,"/home/zyliu/Documents/rna-stable-ai/external/LinearFold/gflags.py:584: SyntaxWarning: invalid escape sequence '\S'
  doc = re.sub('(?<=\S)\n(?=\S)', ' ', doc, re.M)
"
12,ok,True,df08beca775187aa03cf09fc1b61c51172e08f2a5e0a0f22d3c415f790236075,"[97, 550]",16,0.596,-433.7,-433.7,-0.4337,0.36627179800052545,32.25390625,"/home/zyliu/Documents/rna-stable-ai/external/LinearFold/gflags.py:584: SyntaxWarning: invalid escape sequence '\S'
  doc = re.sub('(?<=\S)\n(?=\S)', ' ', doc, re.M)
"
13,ok,True,efa986468cd60849185d17248123db54940aa72d22b49eeeb388d4dce2e459eb,"[9, 771]",18,0.596,-436.2,-436.2,-0.4362,0.36579716200139956,32.76953125,"/home/zyliu/Documents/rna-stable-ai/external/LinearFold/gflags.py:584: SyntaxWarning: invalid escape sequence '\S'
  doc = re.sub('(?<=\S)\n(?=\S)', ' ', doc, re.M)
"
14,ok,False,0378b9e0d010e40b83d91a4ae25220f3ddce0c789d891e490c38c4d94142f213,"[147, 888]",20,0.596,-433.7,-436.2,-0.4362,0.36583023400089587,32.5234375,"/home/zyliu/Documents/rna-stable-ai/external/LinearFold/gflags.py:584: SyntaxWarning: invalid escape sequence '\S'
  doc = re.sub('(?<=\S)\n(?=\S)', ' ', doc, re.M)
"
15,ok,True,6a89f7ac7872322ac97f469f89bd3089c9b4335fb39e8b8bce6c43de3dab76fe,"[92, 388]",20,0.596,-438.6,-438.6,-0.43860000000000005,0.3658426479996706,32.69140625,"/home/zyliu/Documents/rna-stable-ai/external/LinearFold/gflags.py:584: SyntaxWarning: invalid escape sequence '\S'
  doc = re.sub('(?<=\S)\n(?=\S)', ' ', doc, re.M)
"
16,ok,False,57f50e2e3ead85485fe15484be953c0d44b6879d213dba9ebd33377c53f09c73,"[54, 108]",22,0.596,-435.1,-438.6,-0.43860000000000005,0.3657824139991135,32.94921875,"/home/zyliu/Documents/rna-stable-ai/external/LinearFold/gflags.py:584: SyntaxWarning: invalid escape sequence '\S'
  doc = re.sub('(?<=\S)\n(?=\S)', ' ', doc, re.M)
"
17,ok,False,d6959b1c2efd5ed9116ae4fa5c34f0166b352b6c0ed10daba89e68735769dbf2,"[45, 348]",22,0.596,-435.0,-438.6,-0.43860000000000005,0.36669988600260695,32.984375,"/home/zyliu/Documents/rna-stable-ai/external/LinearFold/gflags.py:584: SyntaxWarning: invalid escape sequence '\S'
  doc = re.sub('(?<=\S)\n(?=\S)', ' ', doc, re.M)
"
18,ok,True,dcf4cd8d05da63f953f42712558e6a80a54230e656c67d7e97a72e7c55d14160,"[246, 605]",22,0.596,-439.6,-439.6,-0.43960000000000005,0.3658821019998868,32.69140625,"/home/zyliu/Documents/rna-stable-ai/external/LinearFold/gflags.py:584: SyntaxWarning: invalid escape sequence '\S'
  doc = re.sub('(?<=\S)\n(?=\S)', ' ', doc, re.M)
"
19,ok,True,4c60523c524b3bd0a9b6aafa4114dedfe71733e6c996500f8efe4cfb9b4ba896,"[377, 880]",24,0.596,-443.5,-443.5,-0.4435,0.36575659600202926,32.734375,"/home/zyliu/Documents/rna-stable-ai/external/LinearFold/gflags.py:584: SyntaxWarning: invalid escape sequence '\S'
  doc = re.sub('(?<=\S)\n(?=\S)', ' ', doc, re.M)
"
20,ok,False,671c543497360499dbe2279d53cb2d335390f2bc13cbbfd351f2fdfdd28f1af2,"[434, 993]",26,0.596,-442.9,-443.5,-0.4435,0.36583523399895057,32.515625,"/home/zyliu/Documents/rna-stable-ai/external/LinearFold/gflags.py:584: SyntaxWarning: invalid escape sequence '\S'
  doc = re.sub('(?<=\S)\n(?=\S)', ' ', doc, re.M)
"
21,ok,True,5918c7489ea9c73523581e8b57783754f42db540b579d9e69c2d953ce6ea2afc,"[156, 305]",26,0.596,-445.8,-445.8,-0.44580000000000003,0.36580162000245764,32.66796875,"/home/zyliu/Documents/rna-stable-ai/external/LinearFold/gflags.py:584: SyntaxWarning: invalid escape sequence '\S'
  doc = re.sub('(?<=\S)\n(?=\S)', ' ', doc, re.M)
"
22,ok,False,8593d7498ef190473f0cc9861cc02c048c9a98a9a5f439662361ee2f380d5791,"[44, 519]",28,0.596,-444.8,-445.8,-0.44580000000000003,0.36580760099968757,32.4453125,"/home/zyliu/Documents/rna-stable-ai/external/LinearFold/gflags.py:584: SyntaxWarning: invalid escape sequence '\S'
  doc = re.sub('(?<=\S)\n(?=\S)', ' ', doc, re.M)
"
23,ok,True,d02fe7149a66e56d63a8bc7f142c4d8de657b87f1bdc079b97c429b212dd1844,"[96, 320]",28,0.596,-446.1,-446.1,-0.4461,0.3658694480000122,32.484375,"/home/zyliu/Documents/rna-stable-ai/external/LinearFold/gflags.py:584: SyntaxWarning: invalid escape sequence '\S'
  doc = re.sub('(?<=\S)\n(?=\S)', ' ', doc, re.M)
"
24,ok,False,4e3ab60e3d3c1b6fdccbf3f31bc88e4aeea7ffaca9dc77b835e103f8461c2090,"[314, 818]",30,0.596,-438.1,-446.1,-0.4461,0.3658223300008103,31.99609375,"/home/zyliu/Documents/rna-stable-ai/external/LinearFold/gflags.py:584: SyntaxWarning: invalid escape sequence '\S'
  doc = re.sub('(?<=\S)\n(?=\S)', ' ', doc, re.M)
"
25,ok,False,0cf0d3b229b60374eedb3916f625fc7c73be88a20992581c4aadb0e7e3763105,"[595, 673]",30,0.596,-440.6,-446.1,-0.4461,0.36576780599716585,32.18359375,"/home/zyliu/Documents/rna-stable-ai/external/LinearFold/gflags.py:584: SyntaxWarning: invalid escape sequence '\S'
  doc = re.sub('(?<=\S)\n(?=\S)', ' ', doc, re.M)
"
26,ok,True,5a177769dcce5dec8e287fef5d006cabd905a96b434cd85412e7a103f05877d8,"[173, 991]",30,0.596,-450.2,-450.2,-0.4502,0.36584933000267483,32.42578125,"/home/zyliu/Documents/rna-stable-ai/external/LinearFold/gflags.py:584: SyntaxWarning: invalid escape sequence '\S'
  doc = re.sub('(?<=\S)\n(?=\S)', ' ', doc, re.M)
"
27,ok,False,3900ad27a360f4a6c477811a2594012750dd6ad4788653ac794accc1e24fcb8b,"[920, 997]",32,0.596,-449.1,-450.2,-0.4502,0.3658503929982544,32.703125,"/home/zyliu/Documents/rna-stable-ai/external/LinearFold/gflags.py:584: SyntaxWarning: invalid escape sequence '\S'
  doc = re.sub('(?<=\S)\n(?=\S)', ' ', doc, re.M)
"
28,ok,False,741cb8103eff173788c3c2fecc4b8e412a234cdcee0bda5aaae515054499aa76,"[359, 771]",31,0.596,-447.6,-450.2,-0.4502,0.36572605699984706,32.50390625,"/home/zyliu/Documents/rna-stable-ai/external/LinearFold/gflags.py:584: SyntaxWarning: invalid escape sequence '\S'
  doc = re.sub('(?<=\S)\n(?=\S)', ' ', doc, re.M)
"
29,ok,False,86031914c00b9b2826286b7aec5f80bac87465c4ade0d5ef49d5560ce7e67e4b,"[144, 337]",32,0.596,-448.1,-450.2,-0.4502,0.36591270999997505,32.4296875,"/home/zyliu/Documents/rna-stable-ai/external/LinearFold/gflags.py:584: SyntaxWarning: invalid escape sequence '\S'
  doc = re.sub('(?<=\S)\n(?=\S)', ' ', doc, re.M)
"
30,ok,False,4c9e4fa0db03568782f8781d5bdbabc603bb2680a543c2ad31872337e6297498,"[833, 911]",32,0.596,-447.9,-450.2,-0.4502,0.36575170600190177,32.7265625,"/home/zyliu/Documents/rna-stable-ai/external/LinearFold/gflags.py:584: SyntaxWarning: invalid escape sequence '\S'
  doc = re.sub('(?<=\S)\n(?=\S)', ' ', doc, re.M)
"
31,ok,False,8b9a50f224053b5c989b1d0bbcdd7431bb4475d9f583ecce8edffae6333a07f6,"[301, 344]",32,0.596,-446.9,-450.2,-0.4502,0.36579950600207667,32.6796875,"/home/zyliu/Documents/rna-stable-ai/external/LinearFold/gflags.py:584: SyntaxWarning: invalid escape sequence '\S'
  doc = re.sub('(?<=\S)\n(?=\S)', ' ', doc, re.M)
"
32,ok,False,7e8e4e397357d60cb6e82dc3e2ac255755a2421ccca349f9ad5e17c928893d4a,"[287, 389]",32,0.596,-447.1,-450.2,-0.4502,0.3657958299991151,33.01171875,"/home/zyliu/Documents/rna-stable-ai/external/LinearFold/gflags.py:584: SyntaxWarning: invalid escape sequence '\S'
  doc = re.sub('(?<=\S)\n(?=\S)', ' ', doc, re.M)
"
33,ok,False,c480ff015d29b989bcf78d166a2cd573fece64c979ce0551c33d14af4209a1ab,"[269, 467]",32,0.596,-449.4,-450.2,-0.4502,0.36572271100158105,32.51953125,"/home/zyliu/Documents/rna-stable-ai/external/LinearFold/gflags.py:584: SyntaxWarning: invalid escape sequence '\S'
  doc = re.sub('(?<=\S)\n(?=\S)', ' ', doc, re.M)
"
34,ok,True,855ac304650ecc41f01b916947f2300fbaeb08e903b4225ba74437c28e057e9e,"[770, 905]",32,0.596,-450.4,-450.4,-0.45039999999999997,0.3658386499992048,32.16796875,"/home/zyliu/Documents/rna-stable-ai/external/LinearFold/gflags.py:584: SyntaxWarning: invalid escape sequence '\S'
  doc = re.sub('(?<=\S)\n(?=\S)', ' ', doc, re.M)
"
35,ok,False,53a12ab259c31cfdf4e383f465938d22bc81e4e4e1de8ffb27eccc4121b317e9,"[886, 988]",34,0.596,-447.1,-450.4,-0.45039999999999997,0.3661862970002403,32.7578125,"/home/zyliu/Documents/rna-stable-ai/external/LinearFold/gflags.py:584: SyntaxWarning: invalid escape sequence '\S'
  doc = re.sub('(?<=\S)\n(?=\S)', ' ', doc, re.M)
"
36,ok,False,14163c1be9a49192de7b934f3dc8a309133e0026974375209039810ee8d564b3,"[197, 885]",34,0.596,-448.1,-450.4,-0.45039999999999997,0.365935043002537,32.1640625,"/home/zyliu/Documents/rna-stable-ai/external/LinearFold/gflags.py:584: SyntaxWarning: invalid escape sequence '\S'
  doc = re.sub('(?<=\S)\n(?=\S)', ' ', doc, re.M)
"
37,ok,False,fcd088cd67aedf17422ba7d6141ed7776dd68000ceac3b469c970393581f6d94,"[218, 390]",34,0.596,-449.1,-450.4,-0.45039999999999997,0.36571134900077595,32.69921875,"/home/zyliu/Documents/rna-stable-ai/external/LinearFold/gflags.py:584: SyntaxWarning: invalid escape sequence '\S'
  doc = re.sub('(?<=\S)\n(?=\S)', ' ', doc, re.M)
"
38,ok,False,d78e4487a21d63d0de6c9dc4c42512c79dd752bf12c55777bf9a76165ce7b4bd,"[284, 686]",34,0.596,-448.5,-450.4,-0.45039999999999997,0.3661282970024331,32.46484375,"/home/zyliu/Documents/rna-stable-ai/external/LinearFold/gflags.py:584: SyntaxWarning: invalid escape sequence '\S'
  doc = re.sub('(?<=\S)\n(?=\S)', ' ', doc, re.M)
"
39,ok,False,6e57a1f39633003499aeba2d99e76292cdb06591d569b7b3e452064066abf4c3,"[131, 396]",34,0.596,-446.4,-450.4,-0.45039999999999997,0.365835013002652,32.75390625,"/home/zyliu/Documents/rna-stable-ai/external/LinearFold/gflags.py:584: SyntaxWarning: invalid escape sequence '\S'
  doc = re.sub('(?<=\S)\n(?=\S)', ' ', doc, re.M)
"
40,ok,True,0e3a6c4386d17fd48f326e4db83f1414d5e5fe37ac7be452d430750ddc69c9b0,"[71, 218]",34,0.596,-452.9,-452.9,-0.45289999999999997,0.365854350002337,32.72265625,"/home/zyliu/Documents/rna-stable-ai/external/LinearFold/gflags.py:584: SyntaxWarning: invalid escape sequence '\S'
  doc = re.sub('(?<=\S)\n(?=\S)', ' ', doc, re.M)
"
41,ok,False,8fb881951a29ccc3c8b53a21da78191bdd682a42e59ad4cb05f567dafc7d049d,"[54, 536]",36,0.596,-452.1,-452.9,-0.45289999999999997,0.36574882100103423,32.2109375,"/home/zyliu/Documents/rna-stable-ai/external/LinearFold/gflags.py:584: SyntaxWarning: invalid escape sequence '\S'
  doc = re.sub('(?<=\S)\n(?=\S)', ' ', doc, re.M)
"
42,ok,True,ec69563714545db0c1e6a05bca97687e586ad2eb5d3a9c727e2451a71b2b6cd0,"[154, 390]",36,0.596,-454.9,-454.9,-0.45489999999999997,0.36576158499883604,32.2109375,"/home/zyliu/Documents/rna-stable-ai/external/LinearFold/gflags.py:584: SyntaxWarning: invalid escape sequence '\S'
  doc = re.sub('(?<=\S)\n(?=\S)', ' ', doc, re.M)
"
43,ok,False,3c637e5b4623569a912704690b11481c444e39cb376631b531141a3d10df1644,"[108, 706]",38,0.596,-451.4,-454.9,-0.45489999999999997,0.3657615039992379,32.50390625,"/home/zyliu/Documents/rna-stable-ai/external/LinearFold/gflags.py:584: SyntaxWarning: invalid escape sequence '\S'
  doc = re.sub('(?<=\S)\n(?=\S)', ' ', doc, re.M)
"
44,ok,True,68e06d2cc4542b18db934662f197565f5226dc40672ef041f2cb782e0ab5625d,"[363, 457]",38,0.596,-456.1,-456.1,-0.4561,0.3657938859978458,32.71484375,"/home/zyliu/Documents/rna-stable-ai/external/LinearFold/gflags.py:584: SyntaxWarning: invalid escape sequence '\S'
  doc = re.sub('(?<=\S)\n(?=\S)', ' ', doc, re.M)
"
45,ok,False,91771429e0de64ccb38852e21fd5d8081a7d6de01cfb20295c7a1708df8723f4,"[320, 409]",38,0.596,-453.6,-456.1,-0.4561,0.36578289499811945,32.6796875,"/home/zyliu/Documents/rna-stable-ai/external/LinearFold/gflags.py:584: SyntaxWarning: invalid escape sequence '\S'
  doc = re.sub('(?<=\S)\n(?=\S)', ' ', doc, re.M)
"
46,ok,True,eb479b1ca6c564d233f6759750fe4e37387d7c02b2972df16f1d4bb34c09bf70,"[496, 678]",40,0.596,-456.4,-456.4,-0.4564,0.36622796499796095,32.54296875,"/home/zyliu/Documents/rna-stable-ai/external/LinearFold/gflags.py:584: SyntaxWarning: invalid escape sequence '\S'
  doc = re.sub('(?<=\S)\n(?=\S)', ' ', doc, re.M)
"
47,ok,False,ac4523a84bdd0288afa75e4d324b66251688cdd3d5658b281f06ffb95e8c361b,"[811, 971]",40,0.596,-451.8,-456.4,-0.4564,0.3658494609990157,32.7109375,"/home/zyliu/Documents/rna-stable-ai/external/LinearFold/gflags.py:584: SyntaxWarning: invalid escape sequence '\S'
  doc = re.sub('(?<=\S)\n(?=\S)', ' ', doc, re.M)
"
48,ok,True,95cdf53aed2ce23995dc6f3edc6629576e0400cb7eb16e29d6a7918e15d4758e,"[96, 983]",40,0.596,-459.0,-459.0,-0.459,0.3657069120017695,32.203125,"/home/zyliu/Documents/rna-stable-ai/external/LinearFold/gflags.py:584: SyntaxWarning: invalid escape sequence '\S'
  doc = re.sub('(?<=\S)\n(?=\S)', ' ', doc, re.M)
"
