sequence_id,kind,length,tool,device,status,wall_seconds,peak_rss_mib,memory_method,mfe_kcal_mol,ensemble_free_energy_kcal_mol,paired_fraction,returncode,command,error,raw_output
structured_1000_seed1729,structured,1000,ViennaRNA,CPU,unavailable,,,,,,,,,Tool not installed or not discoverable,
structured_1000_seed1729,structured,1000,LinearFold,CPU,unavailable,,,,,,,,,Tool not installed or not discoverable,
structured_1000_seed1729,structured,1000,LinearPartition,CPU,unavailable,,,,,,,,,Tool not installed or not discoverable,
mixed_1000_seed1729,mixed,1000,ViennaRNA,CPU,unavailable,,,,,,,,,Tool not installed or not discoverable,
mixed_1000_seed1729,mixed,1000,LinearFold,CPU,unavailable,,,,,,,,,Tool not installed or not discoverable,
mixed_1000_seed1729,mixed,1000,LinearPartition,CPU,unavailable,,,,,,,,,Tool not installed or not discoverable,
structured_2000_seed1729,structured,2000,ViennaRNA,CPU,unavailable,,,,,,,,,Tool not installed or not discoverable,
structured_2000_seed1729,structured,2000,LinearFold,CPU,unavailable,,,,,,,,,Tool not installed or not discoverable,
structured_2000_seed1729,structured,2000,LinearPartition,CPU,unavailable,,,,,,,,,Tool not installed or not discoverable,
mixed_2000_seed1729,mixed,2000,ViennaRNA,CPU,unavailable,,,,,,,,,Tool not installed or not discoverable,
mixed_2000_seed1729,mixed,2000,LinearFold,CPU,unavailable,,,,,,,,,Tool not installed or not discoverable,
mixed_2000_seed1729,mixed,2000,LinearPartition,CPU,unavailable,,,,,,,,,Tool not installed or not discoverable,
structured_5000_seed1729,structured,5000,ViennaRNA,CPU,unavailable,,,,,,,,,Tool not installed or not discoverable,
structured_5000_seed1729,structured,5000,LinearFold,CPU,unavailable,,,,,,,,,Tool not installed or not discoverable,
structured_5000_seed1729,structured,5000,LinearPartition,CPU,unavailable,,,,,,,,,Tool not installed or not discoverable,
mixed_5000_seed1729,mixed,5000,ViennaRNA,CPU,unavailable,,,,,,,,,Tool not installed or not discoverable,
mixed_5000_seed1729,mixed,5000,LinearFold,CPU,unavailable,,,,,,,,,Tool not installed or not discoverable,
mixed_5000_seed1729,mixed,5000,LinearPartition,CPU,unavailable,,,,,,,,,Tool not installed or not discoverable,
structured_10000_seed1729,structured,10000,ViennaRNA,CPU,unavailable,,,,,,,,,Tool not installed or not discoverable,
structured_10000_seed1729,structured,10000,LinearFold,CPU,unavailable,,,,,,,,,Tool not installed or not discoverable,
structured_10000_seed1729,structured,10000,LinearPartition,CPU,unavailable,,,,,,,,,Tool not installed or not discoverable,
mixed_10000_seed1729,mixed,10000,ViennaRNA,CPU,unavailable,,,,,,,,,Tool not installed or not discoverable,
mixed_10000_seed1729,mixed,10000,LinearFold,CPU,unavailable,,,,,,,,,Tool not installed or not discoverable,
mixed_10000_seed1729,mixed,10000,LinearPartition,CPU,unavailable,,,,,,,,,Tool not installed or not discoverable,
