input_id,seed,policy,planned_proposal_folds,attempted_proposal_folds,successful_proposal_folds,pool_candidates,proxy_evaluations,accepted_steps,search_status,linearfold_delta_kcal_mol,selection_source,selection_reason,candidate_vienna_delta_kcal_mol,selected_vienna_delta_kcal_mol,selected_mutations,proxy_wall_seconds
synthetic_1000,20261006,random_pool,8,8,8,128,0,6,completed,-15.299999999999955,finalist,confirmed_improvement,-11.0,-11.0,12,0.009656370000016068
synthetic_1000,20261006,compatibility_only,8,8,8,128,0,4,completed,-12.299999999999955,finalist,confirmed_improvement,-8.400000000000034,-8.400000000000034,8,0.009572682999930748
synthetic_1000,20261006,checkpoint_prior,8,8,8,128,128,7,completed,-22.799999999999955,finalist,confirmed_improvement,-18.5,-18.5,14,2.278500201999975
synthetic_1000,20261007,random_pool,8,8,8,128,0,4,completed,-9.699999999999989,finalist,confirmed_improvement,-5.400000000000034,-5.400000000000034,8,0.009310249999998632
synthetic_1000,20261007,compatibility_only,8,8,8,128,0,6,completed,-16.299999999999955,finalist,confirmed_improvement,-12.0,-12.0,12,0.008751840000002176
synthetic_1000,20261007,checkpoint_prior,8,8,8,128,128,8,completed,-20.099999999999966,finalist,confirmed_improvement,-15.800000000000011,-15.800000000000011,16,2.1626021750000177
synthetic_5000,20261006,random_pool,8,8,8,128,0,4,completed,-20.0,input,no_reference_improvement,1.7999999999999545,0.0,0,0.03936624800002164
synthetic_5000,20261006,compatibility_only,8,8,8,128,0,3,completed,-2.7999999999999545,finalist,confirmed_improvement,-2.7000000000000455,-2.7000000000000455,6,0.041479493999986516
synthetic_5000,20261006,checkpoint_prior,8,8,8,128,128,4,completed,-5.7999999999999545,finalist,confirmed_improvement,-6.900000000000091,-6.900000000000091,8,2.26752603999995
synthetic_5000,20261007,random_pool,8,8,8,128,0,4,completed,-26.399999999999864,input,no_reference_improvement,2.599999999999909,0.0,0,0.04208271499999228
synthetic_5000,20261007,compatibility_only,8,8,8,128,0,6,completed,-18.09999999999991,finalist,confirmed_improvement,-5.900000000000091,-5.900000000000091,12,0.04151527899978191
synthetic_5000,20261007,checkpoint_prior,8,8,8,128,128,6,completed,-17.899999999999864,finalist,confirmed_improvement,-7.0,-7.0,12,2.239907935000133
synthetic_10000,20261006,random_pool,8,8,8,128,0,4,completed,-14.300000000000182,input,validation_failed,,,0,0.07618471699993279
synthetic_10000,20261006,compatibility_only,8,8,8,128,0,6,completed,-49.70000000000027,input,validation_failed,,,0,0.07950649799988696
synthetic_10000,20261006,checkpoint_prior,8,8,8,128,128,4,completed,-36.0,input,validation_failed,,,0,2.91206109999996
synthetic_10000,20261007,random_pool,8,8,8,128,0,4,completed,-20.300000000000182,input,validation_failed,,,0,0.0737057549997644
synthetic_10000,20261007,compatibility_only,8,8,8,128,0,5,completed,-32.100000000000364,input,validation_failed,,,0,0.07726222499991309
synthetic_10000,20261007,checkpoint_prior,8,8,8,128,128,5,completed,-35.5,input,validation_failed,,,0,2.752757035999821
