dimension,group,model_seed,head,planned_records,measured_records,pair_precision,pair_recall,pair_f1
all,all,20261006,baseline,47,47,0.3631518677433236,0.4214449503393096,0.38849854106861975
all,all,20261006,stack,47,47,0.39576755890695714,0.4589615326369054,0.423379568067344
all,all,20261006,helix,47,47,0.48719162202031857,0.5708774114992161,0.5244233333981245
all,all,20261007,baseline,47,47,0.352661358150068,0.40937287950183093,0.37627740637695983
all,all,20261007,stack,47,47,0.37502103222788896,0.4364723009039849,0.4010125156827184
all,all,20261007,helix,47,47,0.46746044071905024,0.5329655337281751,0.4950770012765886
all,all,20261008,baseline,47,47,0.37033694256244065,0.4263583539352606,0.3932529810620268
all,all,20261008,stack,47,47,0.38224778852810837,0.43891830746444527,0.4055479388678194
all,all,20261008,helix,47,47,0.46807135781805714,0.5237643978943317,0.49106862354687564
source_group,PDB-derived,20261006,baseline,12,12,0.6500494412994413,0.7456709956709957,0.6933184668666521
source_group,PDB-derived,20261006,stack,12,12,0.6369725182225182,0.7317821067821068,0.6798373793962029
source_group,PDB-derived,20261006,helix,12,12,0.6626135438635439,0.7595598845598845,0.7065040460628695
source_group,PDB-derived,20261007,baseline,12,12,0.6197151922151922,0.7119408369408369,0.6614137049618902
source_group,PDB-derived,20261007,stack,12,12,0.6197151922151922,0.7119408369408369,0.6614137049618902
source_group,PDB-derived,20261007,helix,12,12,0.6680485255485256,0.7671356421356421,0.7129503479878949
source_group,PDB-derived,20261008,baseline,12,12,0.6068946793946794,0.698051948051948,0.6480803716285568
source_group,PDB-derived,20261008,stack,12,12,0.6068946793946794,0.698051948051948,0.6480803716285568
source_group,PDB-derived,20261008,helix,12,12,0.6881080493580494,0.7866161616161617,0.7327409592678679
source_group,Rfam-comparative,20261006,baseline,23,23,0.3595376402672233,0.44098022822551863,0.39591621748678685
source_group,Rfam-comparative,20261006,stack,23,23,0.36440813100329644,0.4556835380106353,0.4048003372245684
source_group,Rfam-comparative,20261006,helix,23,23,0.44431326780695857,0.5597694041853484,0.4951685501429536
source_group,Rfam-comparative,20261007,baseline,23,23,0.3553729229967446,0.44120868570285166,0.3934341735815621
source_group,Rfam-comparative,20261007,stack,23,23,0.38418402060579615,0.48033684346734346,0.42670766094438467
source_group,Rfam-comparative,20261007,helix,23,23,0.44246117044304833,0.5532292681666907,0.49131057188889204
source_group,Rfam-comparative,20261008,baseline,23,23,0.40451397478929135,0.49084729400973454,0.4432469261285743
source_group,Rfam-comparative,20261008,stack,23,23,0.40806355121066834,0.4997037127432799,0.44901980715860146
source_group,Rfam-comparative,20261008,helix,23,23,0.413297150601176,0.5111382744105513,0.45684299055258054
source_group,CRW-comparative,20261006,baseline,12,12,0.08318156351639815,0.059776289059056326,0.06946140213576714
source_group,CRW-comparative,20261006,stack,12,12,0.2146681697400791,0.19242378152538844,0.20253194918713835
source_group,CRW-comparative,20261006,helix,12,12,0.39395321241936665,0.4034852857901273,0.3984142886391238
source_group,CRW-comparative,20261007,baseline,12,12,0.08041035812881354,0.04578629351086843,0.058257303983208567
source_group,CRW-comparative,20261007,stack,12,12,0.1127644778495969,0.07693005828736234,0.09136229798535286
source_group,CRW-comparative,20261007,helix,12,12,0.31478762391857873,0.25995660098021967,0.2844226442250341
source_group,CRW-comparative,20261008,baseline,12,12,0.06827322729540472,0.031060958009164894,0.042603862451280575
source_group,CRW-comparative,20261008,stack,12,12,0.10812068585329732,0.06327930675917609,0.07969442521641648
source_group,CRW-comparative,20261008,helix,12,12,0.3530185634437538,0.28511270418308093,0.31499541773161577
length_group,1..64,20261006,baseline,11,11,0.7018721177812087,0.8051948051948052,0.7486104744928275
length_group,1..64,20261006,stack,11,11,0.6878861037951947,0.79004329004329,0.7340650199473728
length_group,1..64,20261006,helix,11,11,0.7158581317672227,0.8203463203463204,0.763155929038282
length_group,1..64,20261007,baseline,11,11,0.6687802096893006,0.7683982683982684,0.7138052796876326
length_group,1..64,20261007,stack,11,11,0.6687802096893006,0.7683982683982684,0.7138052796876326
length_group,1..64,20261007,helix,11,11,0.714234755143846,0.8203463203463204,0.7622901281724811
length_group,1..64,20261008,baseline,11,11,0.6547941957032866,0.7532467532467533,0.6992598251421781
length_group,1..64,20261008,stack,11,11,0.6547941957032866,0.7532467532467533,0.6992598251421781
length_group,1..64,20261008,helix,11,11,0.7288451447542357,0.8333333333333334,0.776142942025295
length_group,65..128,20261006,baseline,24,24,0.3478902385894223,0.4263939308373341,0.38296580771561756
length_group,65..128,20261006,stack,24,24,0.35242958708328725,0.44048460271473766,0.39140587872910027
length_group,65..128,20261006,helix,24,24,0.42900534318679684,0.5402335577988376,0.4780087494425527
length_group,65..128,20261007,baseline,24,24,0.3438990512052136,0.42661286925311165,0.3805871823064438
length_group,65..128,20261007,stack,24,24,0.371509686413888,0.4641106871107496,0.41247427436248213
length_group,65..128,20261007,helix,24,24,0.4306919550079213,0.5377538062355028,0.4779314966417485
length_group,65..128,20261008,baseline,24,24,0.39099255917307085,0.4741832022138744,0.42832440349733053
length_group,65..128,20261008,stack,24,24,0.3943942365768905,0.4826706035001887,0.43385674781777317
length_group,65..128,20261008,helix,24,24,0.40607643599279364,0.5012044826737481,0.44844616381856345
length_group,129..256,20261006,baseline,0,0,,,
length_group,129..256,20261006,stack,0,0,,,
length_group,129..256,20261006,helix,0,0,,,
length_group,129..256,20261007,baseline,0,0,,,
length_group,129..256,20261007,stack,0,0,,,
length_group,129..256,20261007,helix,0,0,,,
length_group,129..256,20261008,baseline,0,0,,,
length_group,129..256,20261008,stack,0,0,,,
length_group,129..256,20261008,helix,0,0,,,
length_group,257..1024,20261006,baseline,12,12,0.08318156351639815,0.059776289059056326,0.06946140213576714
length_group,257..1024,20261006,stack,12,12,0.2146681697400791,0.19242378152538844,0.20253194918713835
length_group,257..1024,20261006,helix,12,12,0.39395321241936665,0.4034852857901273,0.3984142886391238
length_group,257..1024,20261007,baseline,12,12,0.08041035812881354,0.04578629351086843,0.058257303983208567
length_group,257..1024,20261007,stack,12,12,0.1127644778495969,0.07693005828736234,0.09136229798535286
length_group,257..1024,20261007,helix,12,12,0.31478762391857873,0.25995660098021967,0.2844226442250341
length_group,257..1024,20261008,baseline,12,12,0.06827322729540472,0.031060958009164894,0.042603862451280575
length_group,257..1024,20261008,stack,12,12,0.10812068585329732,0.06327930675917609,0.07969442521641648
length_group,257..1024,20261008,helix,12,12,0.3530185634437538,0.28511270418308093,0.31499541773161577
reference_kind,experimental,20261006,baseline,12,12,0.6500494412994413,0.7456709956709957,0.6933184668666521
reference_kind,experimental,20261006,stack,12,12,0.6369725182225182,0.7317821067821068,0.6798373793962029
reference_kind,experimental,20261006,helix,12,12,0.6626135438635439,0.7595598845598845,0.7065040460628695
reference_kind,experimental,20261007,baseline,12,12,0.6197151922151922,0.7119408369408369,0.6614137049618902
reference_kind,experimental,20261007,stack,12,12,0.6197151922151922,0.7119408369408369,0.6614137049618902
reference_kind,experimental,20261007,helix,12,12,0.6680485255485256,0.7671356421356421,0.7129503479878949
reference_kind,experimental,20261008,baseline,12,12,0.6068946793946794,0.698051948051948,0.6480803716285568
reference_kind,experimental,20261008,stack,12,12,0.6068946793946794,0.698051948051948,0.6480803716285568
reference_kind,experimental,20261008,helix,12,12,0.6881080493580494,0.7866161616161617,0.7327409592678679
reference_kind,computational,20261006,baseline,35,35,0.2647869853812261,0.31028173479701726,0.2839888522235801
reference_kind,computational,20261006,stack,35,35,0.3130687157130505,0.3654230500728364,0.3354511756117352
reference_kind,computational,20261006,helix,35,35,0.42704696310264134,0.5061862778784154,0.4619956604844977
reference_kind,computational,20261007,baseline,35,35,0.26110004361345396,0.3056352940941717,0.27851638971926945
reference_kind,computational,20261007,stack,35,35,0.29112589166081354,0.3420259456913499,0.3117321079298595
reference_kind,computational,20261007,helix,35,35,0.39868738306323015,0.4526786394170435,0.42037756811842647
reference_kind,computational,20261008,baseline,35,35,0.28923143279138736,0.33320626452382496,0.305883590010645
reference_kind,computational,20261008,stack,35,35,0.3052259973738554,0.35007248783444433,0.3223939619212809
reference_kind,computational,20261008,helix,35,35,0.39263020643291696,0.4336437931897043,0.40820953701396406
