seed,head,source_epoch,zero_penalty_development_f1,selected_penalty,selected_development_f1,development_f1_delta
20261006,baseline,3,0.38849854106861975,0.5,0.39792870118417956,0.009430160115559805
20261006,stack,5,0.423379568067344,0,0.423379568067344,0.0
20261006,helix,5,0.5244233333981245,0,0.5244233333981245,0.0
20261007,baseline,3,0.37627740637695983,0,0.37627740637695983,0.0
20261007,stack,3,0.40101251568271834,0,0.40101251568271834,0.0
20261007,helix,4,0.4950770012765886,0,0.4950770012765886,0.0
20261008,baseline,4,0.3932529810620267,0,0.3932529810620267,0.0
20261008,stack,4,0.4055479388678194,0,0.4055479388678194,0.0
20261008,helix,3,0.49106862354687564,0,0.49106862354687564,0.0
