seed,head,status,selected_epoch,validation_pair_f1,parameters,known_training_wall_seconds
20261006,baseline,ok,3,0.38849854106861975,25874,15.699953945000289
20261006,stack,ok,5,0.423379568067344,25876,17.264696133999678
20261006,helix,ok,5,0.5244233333981245,25882,20.566068536999865
20261007,baseline,ok,3,0.37627740637695983,25874,15.964769413999875
20261007,stack,ok,3,0.40101251568271834,25876,17.670313259000068
20261007,helix,ok,4,0.4950770012765886,25882,20.324934645000212
20261008,baseline,ok,4,0.3932529810620267,25874,15.317443917999753
20261008,stack,ok,4,0.4055479388678194,25876,16.26537275999999
20261008,helix,ok,3,0.49106862354687564,25882,19.276200065000012
