job_id,source_status,selection_source,selection_reason,candidate_vienna_delta_kcal_mol,selected_vienna_delta_kcal_mol,selected_fasta,selected_sha256,selected_mutations_from_input,source_evidence,source_evidence_sha256
mixed_2000_seq1729_search2718_beam200,validated,finalist,confirmed_improvement,-10.100000000000023,-10.100000000000023,/home/zyliu/Documents/rna-stable-ai/results/selection_reviews/20261004T232639.585011Z/mixed_2000_seq1729_search2718_beam200_selected.fasta,d1ee7f50bd380e26c363d4253f3afc71f0043d2018c5908e61e159b47dd01941,10,/home/zyliu/Documents/rna-stable-ai/results/sweep_runs/20261004T223012.118701Z/jobs/mixed_2000_seq1729_search2718_beam200/20261004T223014.992539Z/summary.json,2e0d6e7aef1cafe53934ca86c96bda4f987419f9d17fd202b26c8e80d7f72809
mixed_2000_seq1729_search2718_beam400,validated,finalist,confirmed_improvement,-11.100000000000023,-11.100000000000023,/home/zyliu/Documents/rna-stable-ai/results/selection_reviews/20261004T232639.585011Z/mixed_2000_seq1729_search2718_beam400_selected.fasta,b2b74de9229d288c0c22373aba50c47011b53606b7be19a16a9bce0ca216a421,12,/home/zyliu/Documents/rna-stable-ai/results/sweep_runs/20261004T223012.118701Z/jobs/mixed_2000_seq1729_search2718_beam400/20261004T223030.593294Z/summary.json,c7d6e1b053885bd9eb7c7b54c173a86838ce15c1dac7155f1d73c92de8d08325
mixed_2000_seq1730_search2718_beam200,validated,finalist,confirmed_improvement,-8.200000000000045,-8.200000000000045,/home/zyliu/Documents/rna-stable-ai/results/selection_reviews/20261004T232639.585011Z/mixed_2000_seq1730_search2718_beam200_selected.fasta,b33dc43bfbca465a355de386b944a8592533691c52c8f7707d8b477e32eae4df,10,/home/zyliu/Documents/rna-stable-ai/results/sweep_runs/20261004T223012.118701Z/jobs/mixed_2000_seq1730_search2718_beam200/20261004T223059.857129Z/summary.json,40aee8a57237722c1b342e5e1e6291a256b0affcfdeb46ca8c30d795f57ad3ec
mixed_2000_seq1730_search2718_beam400,validated,finalist,confirmed_improvement,-8.200000000000045,-8.200000000000045,/home/zyliu/Documents/rna-stable-ai/results/selection_reviews/20261004T232639.585011Z/mixed_2000_seq1730_search2718_beam400_selected.fasta,b33dc43bfbca465a355de386b944a8592533691c52c8f7707d8b477e32eae4df,10,/home/zyliu/Documents/rna-stable-ai/results/sweep_runs/20261004T223012.118701Z/jobs/mixed_2000_seq1730_search2718_beam400/20261004T223116.068602Z/summary.json,76ef2232174cce436c2fe263986aba8d36fcd2784189f58a7028470cbf1752b5
mixed_2000_seq1731_search2718_beam200,validated,finalist,confirmed_improvement,-14.100000000000023,-14.100000000000023,/home/zyliu/Documents/rna-stable-ai/results/selection_reviews/20261004T232639.585011Z/mixed_2000_seq1731_search2718_beam200_selected.fasta,5cd415ce28d4c982381dc0d7005478b0b485fa23e0e6d1177d68bd06e002a699,8,/home/zyliu/Documents/rna-stable-ai/results/sweep_runs/20261004T223012.118701Z/jobs/mixed_2000_seq1731_search2718_beam200/20261004T223144.948825Z/summary.json,70779ac0ae4b0fd846e34c8b8abc3c207efbb2ff6f077f5d812f346a35119081
mixed_2000_seq1731_search2718_beam400,validated,finalist,confirmed_improvement,-12.800000000000068,-12.800000000000068,/home/zyliu/Documents/rna-stable-ai/results/selection_reviews/20261004T232639.585011Z/mixed_2000_seq1731_search2718_beam400_selected.fasta,239ed2516858f413568f69350b7ad43a737b49f5f7aeef50d21cb820d8d38074,6,/home/zyliu/Documents/rna-stable-ai/results/sweep_runs/20261004T223012.118701Z/jobs/mixed_2000_seq1731_search2718_beam400/20261004T223202.015101Z/summary.json,82efe372d45b924eb26f7465394fa00194cc3e9f7d3c293d785da0aa05e47eae
mixed_5000_seq1729_search2718_beam200,validated,finalist,confirmed_improvement,-2.400000000000091,-2.400000000000091,/home/zyliu/Documents/rna-stable-ai/results/selection_reviews/20261004T232639.585011Z/mixed_5000_seq1729_search2718_beam200_selected.fasta,368fe33cac8030825c2c613f2ace38977b2f7d9f3f79023ead014f9ecb4f3624,8,/home/zyliu/Documents/rna-stable-ai/results/sweep_runs/20261004T223012.118701Z/jobs/mixed_5000_seq1729_search2718_beam200/20261004T223253.630083Z/summary.json,074acde047fb842b52221efc33dc56b62bd3e7859cc85cf9037bea131aff36e6
mixed_5000_seq1729_search2718_beam400,validated,finalist,confirmed_improvement,-3.0,-3.0,/home/zyliu/Documents/rna-stable-ai/results/selection_reviews/20261004T232639.585011Z/mixed_5000_seq1729_search2718_beam400_selected.fasta,50f1c729287f62011620a3f6674cff7ba941952f9305db0f4efca839be83d9c1,2,/home/zyliu/Documents/rna-stable-ai/results/sweep_runs/20261004T223012.118701Z/jobs/mixed_5000_seq1729_search2718_beam400/20261004T223357.506742Z/summary.json,0b5b1fd4421555d949ad0048ce537a2c811c9dfdc15051f9df9020a1a4b5a25f
mixed_5000_seq1730_search2718_beam200,validated,input,no_reference_improvement,1.7999999999999545,0.0,/home/zyliu/Documents/rna-stable-ai/results/selection_reviews/20261004T232639.585011Z/mixed_5000_seq1730_search2718_beam200_selected.fasta,675f11d7b6658f1491c421f60410946265a79093b82a0d2d8bfae13b5f45ec1c,0,/home/zyliu/Documents/rna-stable-ai/results/sweep_runs/20261004T223012.118701Z/jobs/mixed_5000_seq1730_search2718_beam200/20261004T223603.716575Z/summary.json,1485ab2c3602118a3a3d4951daf4aa419d3826d65f1cc6877971f0372a065745
mixed_5000_seq1730_search2718_beam400,validated,finalist,confirmed_improvement,-2.2000000000000455,-2.2000000000000455,/home/zyliu/Documents/rna-stable-ai/results/selection_reviews/20261004T232639.585011Z/mixed_5000_seq1730_search2718_beam400_selected.fasta,cd49fdd733ec91eddab6ac2f97da1d930a2c154e59e6e1b213c3a61a5a3a9fa2,2,/home/zyliu/Documents/rna-stable-ai/results/sweep_runs/20261004T223012.118701Z/jobs/mixed_5000_seq1730_search2718_beam400/20261004T223708.888871Z/summary.json,0178b081c18547c125dca79cbdbe409de44560014bfd6911d4b0be6b34e83607
mixed_5000_seq1731_search2718_beam200,validated,input,no_reference_improvement,8.799999999999955,0.0,/home/zyliu/Documents/rna-stable-ai/results/selection_reviews/20261004T232639.585011Z/mixed_5000_seq1731_search2718_beam200_selected.fasta,5b4155be5273accf0ad4441462fdeb162380f0ee568ce62a69b55bddf1ce7596,0,/home/zyliu/Documents/rna-stable-ai/results/sweep_runs/20261004T223012.118701Z/jobs/mixed_5000_seq1731_search2718_beam200/20261004T223912.576650Z/summary.json,c49dd52ef83a80d4b8b8b1c470f0b217f4753c0647800d543fee948432a9b306
mixed_5000_seq1731_search2718_beam400,validated,finalist,confirmed_improvement,-2.0,-2.0,/home/zyliu/Documents/rna-stable-ai/results/selection_reviews/20261004T232639.585011Z/mixed_5000_seq1731_search2718_beam400_selected.fasta,e75c800a96cfd1f56a6bf474af3f1e2b3810a6d4ef9e4865d75d7c04189d133b,2,/home/zyliu/Documents/rna-stable-ai/results/sweep_runs/20261004T223012.118701Z/jobs/mixed_5000_seq1731_search2718_beam400/20261004T224015.167652Z/summary.json,d77423492902bf844e27a3defae9100719f8a32460a9234b08c5a3f80eccb1b3
mixed_10000_seq1729_search2718_beam200,validated,finalist,confirmed_improvement,-5.199999999999818,-5.199999999999818,/home/zyliu/Documents/rna-stable-ai/results/selection_reviews/20261004T232639.585011Z/mixed_10000_seq1729_search2718_beam200_selected.fasta,4b66e7fc0422f6129cebb981bf56908e6a0b1a6a946245ec37cadfc0054f8a3c,10,/home/zyliu/Documents/rna-stable-ai/results/sweep_runs/20261004T223012.118701Z/jobs/mixed_10000_seq1729_search2718_beam200/20261004T224408.181960Z/summary.json,e99dc8acaedbef91a4de90784537835b7d1f4e11706d84a4d9cef1848ca538df
mixed_10000_seq1729_search2718_beam400,validated,finalist,confirmed_improvement,-0.09999999999990905,-0.09999999999990905,/home/zyliu/Documents/rna-stable-ai/results/selection_reviews/20261004T232639.585011Z/mixed_10000_seq1729_search2718_beam400_selected.fasta,0bc5564ffda5537c66a7ec2d3e1f25d5b59876fd10c3453aceeb68040eef260d,4,/home/zyliu/Documents/rna-stable-ai/results/sweep_runs/20261004T223012.118701Z/jobs/mixed_10000_seq1729_search2718_beam400/20261004T224746.029642Z/summary.json,27fc0e1c72736ab07e1669aa594fcb2bc5d690bc7bd3d7cc91b91549bf2c2108
mixed_10000_seq1730_search2718_beam200,validated,finalist,confirmed_improvement,-4.230000000000018,-4.230000000000018,/home/zyliu/Documents/rna-stable-ai/results/selection_reviews/20261004T232639.585011Z/mixed_10000_seq1730_search2718_beam200_selected.fasta,3e95da3827bede50d5f4fbbcf9235ecc95efb257b58711c994fbdc7592e73b50,4,/home/zyliu/Documents/rna-stable-ai/results/sweep_runs/20261004T223012.118701Z/jobs/mixed_10000_seq1730_search2718_beam200/20261004T225507.649621Z/summary.json,97700801a5762556ee7954bcb47ba875b76bd1f30a759ad9c2d41eda3a16a679
mixed_10000_seq1730_search2718_beam400,validated,finalist,confirmed_improvement,-1.400000000000091,-1.400000000000091,/home/zyliu/Documents/rna-stable-ai/results/selection_reviews/20261004T232639.585011Z/mixed_10000_seq1730_search2718_beam400_selected.fasta,57deee29a71ec7300c71101dfa75b6a8211c792e9eccabccdf989343c81e0431,8,/home/zyliu/Documents/rna-stable-ai/results/sweep_runs/20261004T223012.118701Z/jobs/mixed_10000_seq1730_search2718_beam400/20261004T225847.774339Z/summary.json,d1e238f5ebb07579db5b72bc53643337b00a0a7d1de1bc4a1d15ea7f7f6d6f07
mixed_10000_seq1731_search2718_beam200,validated,input,no_reference_improvement,0.20000000000027285,0.0,/home/zyliu/Documents/rna-stable-ai/results/selection_reviews/20261004T232639.585011Z/mixed_10000_seq1731_search2718_beam200_selected.fasta,10184c918d96aa047ac78599a9a7fbc962fc2a780b10962835b737b8fab02cbf,0,/home/zyliu/Documents/rna-stable-ai/results/sweep_runs/20261004T223012.118701Z/jobs/mixed_10000_seq1731_search2718_beam200/20261004T230603.986043Z/summary.json,6f8522e5d216d57a241660391d8cd024d1bacd88181cd242ea8c9c4559647e03
mixed_10000_seq1731_search2718_beam400,validated,input,no_reference_improvement,0.0,0.0,/home/zyliu/Documents/rna-stable-ai/results/selection_reviews/20261004T232639.585011Z/mixed_10000_seq1731_search2718_beam400_selected.fasta,10184c918d96aa047ac78599a9a7fbc962fc2a780b10962835b737b8fab02cbf,0,/home/zyliu/Documents/rna-stable-ai/results/sweep_runs/20261004T223012.118701Z/jobs/mixed_10000_seq1731_search2718_beam400/20261004T230921.014635Z/summary.json,4ef618ddfcb169b8689f0c4e06f0723ed33367012c9318171a9b947cbcd99804
